show me flights with first class upgrade availability from philadelphia to phoenix for next month
give me the flights and fares for a trip to cleveland from miami on wednesday
list flights from dallas to houston arriving sunday afternoon
which airline is us
show me the flights on american airlines which go from st. petersburg to ontario california by way of st. louis
what does fare code f mean
i would like to find a flight from charlotte to las vegas that makes a stop in st. louis
do you offer senior citizen discounts on flights from san antonio to albuquerque
i'd like a flight from new york to los angeles on saturday morning on us air
which flights go from new york to miami and back
list flights from phoenix to houston
which flights are available from tacoma to san jose in the morning on april twenty second
what is the seating capacity of the m80
please list all flights from new york to miami any any type of class
what time does the 3 pm flight from los angeles arrive in new york
how much is a limousine service in toronto international
can i get the shortest flight from milwaukee to orlando
show flights from kansas city to minneapolis
i need a round trip from phoenix to washington dc and the fare leaving in the morning
i need a flight from oakland to salt lake city on wednesday departing after 6 pm
i need a flight from denver to salt lake city on monday
show me the cost of a first class ticket from detroit to las vegas and back
list flights from new york to la
please list all the flights from chicago to kansas city on june seventeenth
tell me again the morning flights on american airlines from philadelphia to dallas
i would like flights from ontario to tacoma
now show me all round trip flights from burbank to seattle that arrive before 7 pm in seattle
find me all the flights from milwaukee to st. louis
list flights from chicago to san diego
list flights from tampa to cincinnati after 3 pm
which airline is us
can i get a flight on tuesday night from washington dc to oakland
give me the saturday morning flights from chicago to st. paul on continental that have meals
list flights from charlotte on saturday afternoon
baltimore to kansas city economy
i want to fly from san francisco to milwaukee and from milwaukee to denver
milwaukee to phoenix on saturday
what airlines off from love field between 6 and 10 am on june sixth
the flights from ontario to westchester that stop in chicago
what ground transportation is available at denver
please list flights from orlando to philadelphia
list the flights from cincinnati to denver on june sixth
find me flights around christmas from minneapolis to phoenix with flexible dates
what does fare code f mean
i'd like to book a flight from cincinnati to new york city on united airlines for next saturday
flight number from houston to dallas
show flights tuesday evening from milwaukee to st. louis
i want to book a first class seat on delta flight 123 from atlanta to denver on december twenty fifth
list delta flights from seattle to salt lake city with aircraft type
what is the airfare for a round trip first class ticket from detroit to st. petersburg
show me the nonstop flights and fares from toronto to st. petersburg
kansas city to las vegas economy
find me a flight that flies from memphis to tacoma
show me the cheapest one way flight from san francisco to houston
i need flight information for flights departing from cleveland to milwaukee on wednesday after 5 pm
show me the cheapest first class tickets available between san francisco and washington dc for travel on december 15th through december 20th on united or delta airlines
cheapest fare round trip from indianapolis to orlando on december twenty seventh
i'd like a flight to san diego from washington dc
i'd like to fly from miami to chicago on american airlines
what flights leave from cincinnati in the morning and arrive in tampa
which airlines fly from baltimore to san francisco
show me the flights from orlando to houston
i need a flight from kansas city to minneapolis
what airlines are departing from baltimore
what are the flights from tampa to milwaukee
i need a ticket from nashville to seattle
which flights travel from kansas city to los angeles on april ninth
list flights from phoenix to las vegas
tell me about the ground transportation from nashville airport
i want a flight from memphis to seattle that arrives no later than 3 pm
i would like a connecting flight from dallas to san francisco leaving after 4 o'clock
show me round trip fares from toronto to detroit on delta northwest us air and united airlines
show me all the morning flights from philadelphia to fort worth
please list the flights from newark to los angeles
does the airport at burbank have a flight that comes in from kansas city
what airline is us
flights newark to los angeles wednesday morning
find me a flight from cincinnati to any airport in the new york city area
list early evening flights from tampa to cincinnati
list flights from milwaukee to san jose on wednesday
what does the airline code aa stand for
give me the saturday morning flights on continental that have meals from chicago to minneapolis
list the flights from denver to baltimore arriving on july first
what type of ground transportation is there at the las vegas airport
what is the seating capacity of a 72s
i need a flight departing from milwaukee to indianapolis leaving monday before 8 am
are snacks served on tower air
which flights go from milwaukee to tampa and stop in nashville
book a business class seat for our executive from headquarters in detroit to our branch office in austin
what is the seating capacity of the 757
show me all the flights from charlotte to minneapolis on tuesday morning
what does fare code bh mean
flights from washington to seattle
i would like a flight that leaves on sunday from montreal quebec to san diego california
list last wednesday flight from oakland to salt lake city
i'd like to travel from kansas city to chicago next wednesday
what is the seating capacity of the type of aircraft m80
which airline is us
list the alaska airline flights from burbank to anywhere
kansas city to las vegas economy
los angeles to pittsburgh afternoon tuesday
what's the earliest arriving flight between boston and washington dc
what flights go from phoenix to salt lake city
tell me all the airports near westchester county
list the flights from pittsburgh to baltimore arriving on july first
i would like flights from san francisco to long beach
which airline is as
list flights from houston to san jose
i need a flight from memphis to seattle
kansas city to cleveland flight arrive wednesday before 5 pm
list type of aircraft for all flights from charlotte
i need flight numbers for those flights departing on thursday before 8 am from oakland going to salt lake city
is there an american airlines flight from houston to newark on june tenth after 6 pm
i need a friday flight from newark to tampa
now show me all the flights from st. louis to burbank
show me all connecting flights from miami to anchorage alaska with layovers less than 2 hours
please list flights from san francisco to charlotte
cleveland to kansas city arrive monday before 3 pm
list the tower air flights on mondays
what is the seating capacity of the aircraft used for flights from seattle to boston
show me the flights between pittsburgh and washington dc
i need an early flight from milwaukee to denver
what's the ground transportation in denver
i would like a morning flight from charlotte to newark
show me the morning flights from memphis to new york city
get first flight from oakland to salt lake city on thursday
what is the lowest fare from bwi to salt lake city
how many canadian airlines flights use aircraft dh8
get flights between st. petersburg and charlotte
what is cvg
get the saturday fare from washington to toronto
show me round trip flights from burbank to seattle
dallas to houston after 1201 am
i want to go from boston to washington on a saturday
list flights from denver to phoenix
what is the seating capacity of a dc9
i need a flight from ontario to memphis
i need flights departing from oakland and arriving salt lake city
i would like flights from minneapolis to san diego
i would like to fly from san diego to seattle
i would like a flight from toronto to st. louis
show me all flights from orlando to montreal please
show me round trip flights from orlando to montreal
get saturday fares from washington to boston
list flights between pittsburgh and milwaukee
show me the cheapest one way fare from san francisco to houston on february twenty eighth 1994
how far is new york's la guardia from downtown
are there any flights between dallas and phoenix using a dc10 aircraft
please list flights from st. louis to st. paul which depart after 10 am thursday morning
please find a flight from detroit michigan to st. petersburg arriving before 10 pm
i need a nonstop flight from miami to toronto
list all flights from memphis to miami
what is the seating capacity for aircraft l10
which flights on northwest airline leave detroit and arrive at st. petersburg
what is fare code m
list flights from dallas to houston
can i fly from boston to seattle on american and return on delta the following week
which flights leave on wednesday april thirteenth from indianapolis and arrive in montreal in the morning
i would like to fly from atlanta to san diego
list all us air flights arriving in charlotte on saturday at 1 pm
show flights saturday evening from st. louis to burbank
list airports
show me all the flights from indianapolis to charlotte on monday
i need information on flights from washington to boston that leave on a saturday
what airlines fly between detroit and westchester county
which flights are leaving from kansas city to atlanta early monday morning
what is a d9s
ground transportation in las vegas
are there any flights on june tenth from burbank to tacoma
monday morning flights from atlanta to kansas city
i'd like to go from long beach to st. louis and i'd like to stop in dallas i'd also like to have lunch during my flight
what is the most expensive one way fare between detroit and westchester county
list all flights leaving denver between 8 pm and 9 pm
list flights from oakland to salt lake city leaving after midnight thursday
how much is the limousine service in boston
i need flight and fare information for thursday departing prior to 9 am from oakland going to salt lake city
list all alaska airlines flights
what's the cheapest round trip flight on twa from columbus to st. paul
what are the flights from tacoma to san jose
what are the flights on mondays that travel from charlotte north carolina to phoenix arizona
what are the flights between milwaukee and pittsburgh
what types of ground transportation are available in denver
list all flights and their fares from memphis to miami on a wednesday evening
show me one way flights from indianapolis to memphis before 10 am on any day
which airline is kw
list all flights from nashville to cleveland on sunday
show me all business class flights on american airlines from chicago to miami departing between 6 am and 10 am on weekdays
i need flight information for a flight departing from cleveland to milwaukee wednesday after 6 pm
show me one way flights from milwaukee to orlando after 6 pm on wednesday
is there ground transportation from lga into new york city
how many passengers can fly on a 757
i need a flight from new york to los angeles on saturday evening on us air
i want a flight from nashville to seattle that arrives no later than 3 pm
i need to rent a car at tampa
give me the flights from seattle to chicago that have meals on continental saturday morning
list the flights from dallas to baltimore arriving july first
flight numbers on american airlines from phoenix to milwaukee
list flights from san jose to dallas on friday
which flights travel from kansas city to los angeles
list flights from la to orlando
and a flight from st. louis to burbank that leaves tuesday afternoon
show me the flights on american airlines which fly from st. petersburg to ontario canada with a stopover in st. louis
show me the flights from houston to orlando
show flights from burbank to st. louis on monday
show me all delta airlines flights from montreal to orlando
which flights leave on monday from montreal and arrive in chicago in the morning
which flights go from cleveland to indianapolis on april fifth
i would like to see flights from cincinnati to salt lake city
what type of aircraft is used for the american flight leaving at 419 pm
which flights depart from a atlanta and arrive in toronto
list the flights from montreal to philly before 9 am
do you serve breakfast on the early morning flight from chicago to miami
what are the flights from memphis to las vegas
what airline is as
i want to fly from milwaukee to los angeles
what are the flights from las vegas to ontario
list flights from oakland to salt lake city leaving after 1700 wednesday
first class flights pittsburgh to newark monday morning
what is the first class round trip airfare from india indianapolis to memphis
show me flights from montreal to orlando and long beach
show me the flights between houston and orlando
what are the flights between dallas and phoenix
what does ap 57 mean
show me all the flights from minneapolis to indianapolis on tuesday that leave after 2 pm
i need a flight from st. louis to charlotte
what is tpa
i would like flights from san diego to las vegas
how many canadian airlines international flights use j31
what airline flies from boston to san diego
which flights arrive in burbank from las vegas on saturday april twenty third in the afternoon
what is the earliest departure time for flights from detroit to las vegas on thanksgiving day
tell me all the airports in the new york city area
show me the cheapest round trip fares from san francisco to houston
show me all the flights from las vegas to new york city
i need a nonstop flight from toronto to st. louis
find flight from memphis to cincinnati on sunday
what is the seating capacity for delta be1
what does fare code qo mean
what is the seating capacity on the aircraft 733
list airports
i need a same day return flight from st. louis to nashville departing early morning and returning late evening
chicago to las vegas saturday morning
i would like a flight traveling one way from phoenix to san diego on april first
i want a flight round trip from memphis to seattle
how much does it cost to fly from columbus to st. louis round trip on twa
i need a flight on american airlines from miami to chicago that arrives around 5 pm
list flights from washington dc to montreal
what is the earliest flight between baltimore and oakland that serves breakfast
give me the flights from phoenix to milwaukee on american airlines
how much is limousine service in los angeles
what are the fares for flights between boston and washington dc
is there ground transportation available at the phoenix airport
how about from dc to oakland on wednesday morning
on sunday evening i would like to leave montreal quebec on a flight to san diego california
list flights from memphis to miami wednesday evening
what class is fare code q
list all flights arriving in denver between 8 and 9 pm
please give me the flights from nashville to houston nonstop with dinner served
please list the flights from charlotte to newark
what are the flights from cleveland to dallas
give me the flights from phoenix to milwaukee
i need a ticket from nashville tennessee to seattle
on tuesday are the flights from san diego california to indianapolis indiana i would like the flight to be in the afternoon
show me red eye flights from las vegas to new york city departing after midnight
show me the flights in from minneapolis to indianapolis on tuesday afternoon
i need information about ground transportation from los angeles airport to downtown los angeles including taxi shuttle and rental car options
list seating capacities of delta flights from seattle to salt lake city
what airline is hp
list all flights from cleveland to nashville
list saturday flights from washington to boston
which flights are leaving atlanta and arriving in st. louis close to 230 pm on tuesday
st. louis to st. paul thursday after 10 am
please find a flight from newark to orlando
list flights from st. paul to kansas city friday in the evening with a meal included
i want a window seat in the emergency exit row on my flight from orlando to minneapolis
which flights arrive in burbank from kansas city on saturdays in the afternoon
what airlines serve denver
i need a flight from memphis to las vegas
how many canadian airlines international flights use aircraft 320
please give me the flights from kansas city to chicago on june sixteenth
what is the seating capacity of the aircraft 72s
can you tell me which airlines offer frequent flyer programs for flights between boston and seattle
list flights from chicago to kansas city in the morning
round trip flights from orlando to montreal please
show me northwest flight 608 from kansas city to st. paul
list flights from seattle to salt lake city on delta l10
what flights go from dallas to phoenix
what meals are served on american flight 665 673 from milwaukee to seattle
new york to las vegas sunday afternoon
i would like flights from salt lake city to cincinnati
show me the flights between houston and orlando
nashville to cleveland sunday before 9
list flights from washington dc to montreal
give me a flight from charlotte to baltimore on tuesday morning
is there ground transportation available at the indianapolis airport
what airline is dl
what is the earliest daily flight between oakland and salt lake city
give me the flights from phoenix to milwaukee on wednesday on american airlines
find flight from detroit to san diego on tuesday
i need a round trip flight from new york to los angeles departing monday morning around 8 am and returning friday evening preferably on american airlines under 500 dollars
flight numbers from chicago to seattle
find nonstop flights from salt lake city to new york on saturday april ninth
on wednesday night i would like a flight from charlotte to newark
and now show me ground transportation that i could get in boston late night
tell me about the type of aircraft called an m80
please find a flight from kansas city to newark
what ground transportation is available between pittsburgh airport and downtown pittsburgh
list flights from ontario california to salt lake city utah monday
what is the seating capacity on the aircraft m80
i would like information on flights leaving from washington dc to denver
i need flight and airline information for a flight from denver to salt lake city on monday departing after 5 pm
what flights go from long beach to st. louis
list flights from la guardia to burbank
i would like to return from chicago around 7 pm to kansas city
how many passengers can an l1011 aircraft hold
i want a flight from toronto to san diego
st. paul to kansas city friday night
list flights from seattle to salt lake city on delta be1
show me weekday flights from milwaukee to orlando one way
i need to travel from atlanta to san diego leaving monday the third of march and staying for five days then continuing to las vegas
what is 73s
list airports in la
show me all the flights from charlotte to minneapolis that leave at 2 pm or later on monday
i would like flights from miami to new york
list all flights from cleveland to kansas city on monday
please find a flight from ontario to westchester that makes a stop in chicago on may seventeenth one way with dinner
get fares from washington to boston
list flights from houston to phoenix
show me the direct flights from charlotte to minneapolis on tuesday morning
a flight from baltimore to san francisco arriving between 5 and 8 pm
what is the seating capacity of the aircraft m80
list flights from washington dc to toronto
please list only the flights from cleveland to dallas that leave before noon
list flights from salt lake city to phoenix arizona tuesday
find me flights departing from multiple airports in the new york area to san francisco bay area on the same day
what does m mean
i need a flight from milwaukee to indianapolis leaving monday before 9 am
what is the least expensive fare from boston to salt lake city
what does fare code bn mean
list flights from newark to houston
what are the flights from boston to orlando that stop in new york
what is the lowest fare from toronto to washington dc
monday morning i would like to fly from columbus to indianapolis
list all flights from kansas city to cleveland
please list all the flights from kansas city to chicago on june sixteenth
i need to take a united airlines flight on june eighth from westchester county to cincinnati after 3 pm
please find a flight from orlando to kansas city
does tacoma airport offer transportation from the airport to the downtown area
i would like a flight from san francisco to st. petersburg
please list all the flights from dallas to san francisco
list flights before 9 am from cincinnati to tampa
show me the cheapest round trip fares from houston to boston
list the alaska airline flights from burbank
show me the connecting flights between boston and denver and the types of aircraft used
which flights are available from orlando to cleveland that arrive around 10 pm
what are the flights from ontario to memphis
show me all lufthansa flights from seattle to boston with stopovers in minneapolis
show flights wednesday evening from st. louis to burbank
how long does a flight from baltimore to san francisco take
i want to fly from lax to jfk tomorrow
list flights from toronto to washington dc saturday am
i need the cheapest round trip ticket from new york to los angeles departing friday morning and returning sunday evening
what is fare code f
list flights from houston to denver
list the flights from memphis to cleveland
los angeles to minneapolis thursday afternoon
list flights between phoenix and las vegas
on april first i need a flight going from phoenix to san diego
show flights from denver to houston
please list the flights from los angeles to charlotte
give me the flights from los angeles to pittsburgh on tuesday
list flights from las vegas to san diego
find me the shortest flight time between san francisco and washington dc with maximum one stop
how many passengers can fit in the economy section of flights from dallas to seattle
show me all flights from seattle to boston with stopovers in minneapolis
what are the nonstop flights between san jose and houston texas
cheapest one way fare from indianapolis to orlando on december twenty seventh
determine the type of aircraft used on a flight from cleveland to dallas that leaves before noon
list airlines that fly from seattle to salt lake city
which flights leave detroit and arrive at st. petersburg around 9 am
i would like to have the airline that flies toronto detroit and st. louis
give me the round trip flights from cleveland to miami next wednesday
which airport is closest to ontario california
i would like to leave this afternoon on an american flight from cincinnati to burbank
show me all the flights on america west and twa from las vegas to jfk on a friday
what does fare code bh mean
give me the flights from chicago to seattle saturday morning that have meals
how about flights from milwaukee to washington dc on tuesday mornings
show me all the flights from burbank to milwaukee
on june eighth what flights go from westchester county to cincinnati
list the distance in miles from toronto international airport to downtown toronto
list the flights from denver to cincinnati on june sixth after 4 pm
show me the flights from indianapolis to memphis
list delta flights from seattle to salt lake city
show me nonstop flights from kansas city to phoenix
flights from atlanta to seattle
show me all of the daily flights arriving in denver between 8 pm and 9 pm
i would like an early morning flight today from los angeles to charlotte
now show me one way flights from houston to boston
show me nonstop flights from toronto to st. petersburg
what are the lowest fares from washington dc to salt lake city
what are the flights between dca and milwaukee
i would like a flight from cincinnati to burbank on american
next wednesday i would like to leave kansas city on a trip to chicago which arrives in chicago around 7 pm
kansas city to atlanta monday morning flights
list flights from oakland to salt lake city
what are the flights between memphis and cincinnati on wednesday
baltimore to newark wednesday morning
what are the cheapest flights available from kansas city missouri to sacramento california for a group of 8 passengers
what are the american flights from newark to nashville
list flights from ontario california to orlando florida
list flights from salt lake city utah to phoenix arizona monday
what ground transportation is available from dallas fort worth airport to downtown dallas
list all flights arriving or leaving denver between 8 and 9 pm
minneapolis to pittsburgh first class flight
list flights from memphis to miami on wednesday
give me the saturday morning flights with meals from chicago to minneapolis
get saturday fares from washington to toronto
list flights from las vegas to phoenix
i need a flight from san diego to washington dc
i would like a flight from detroit to st. louis
which flights on us air go from orlando to cleveland
what is the seating capacity of an m80
what airline is hp
what does not sa mean
which flights are available from san jose to nashville leaving in the morning on april twenty three
what united airlines flights on june eighth go from westchester county to cincinnati
what is the distance in miles between phoenix arizona and portland oregon
cheapest round trip fare from or indianapolis to orlando on december twenty fifth
what flights depart from baltimore and arrive at san francisco on a friday
list the distance in miles from san francisco international airport to san francisco downtown
i need a flight from tampa to milwaukee
what is meal code sb
i need the flights from washington to montreal on a saturday
show me flights between detroit and st. louis on delta northwest us air and united airlines
what is the lowest fare for a flight from washington dc to boston
i need the fares on flights from washington to toronto on a saturday
i want to fly from nashville to seattle and i want the cheapest fare round trip
what's the cheapest flight from san francisco to milwaukee
what ground transportation options are available from downtown milwaukee to milwaukee mitchell international airport and how much do they cost
list flights from kansas city to denver
find flights arriving new york city next saturday
on wednesday april sixth i would like to fly from long beach to columbus after 3 pm
now show me all the round trips from new york to miami
what does the restriction ap58 mean
i need to fly from st. louis to milwaukee on wednesday afternoon
charlotte to baltimore on tuesday
show delta airlines flights from boston to salt lake
what does fare code h mean
phoenix to milwaukee on sunday
what's the fare for a taxi to denver
show flight and prices kansas city to chicago on next wednesday arriving in chicago by 7 pm
list flights from las vegas to denver
what are the flights from phoenix arizona to st. paul minnesota on tuesday
what airline is us
show me flight us 1207 from indianapolis to charlotte on monday and flight us 1500 from charlotte to minneapolis on monday and flight twa 639 from minneapolis to indianapolis
i'd like a red eye flight from new york to los angeles on saturday evening on us air
please list afternoon flights between st. petersburg and charlotte
list fares from washington dc to toronto that should be good
what are the flights from tacoma to san jose
how many northwest flights leave washington dc
i need information on flights from indianapolis to seattle
what are the flights from milwaukee to seattle
show me the nonstop flights from toronto to st. petersburg
find direct flights operated by joint venture partners from washington dulles to london heathrow
i'd like to fly from miami to chicago on on american airlines arriving around 5 pm
what meals are available on dl 468 which al arrives in san francisco at 950 am
are there any weather delays for flights from buffalo to tampa today
find flight from san diego to phoenix on monday am
list flights from miami to indianapolis sunday
show me nonstop flights from st. petersburg to toronto
show me the cheapest first class round trip from new york to miami
list flights from miami to indianapolis on sunday
can you list all of the delta flights from salt lake city to new york next saturday arriving before 6 pm
what is the shortest flight from milwaukee to st. petersburg
show me the airports serviced by tower air
please list all flights from nashville to memphis on monday morning
which flights leave chicago next tuesday and arrive in detroit around 6 pm
list all flights arriving in denver between 8 and 9 pm
i would like to know what airports are in los angeles
what is the shortest flight from milwaukee to long beach
what is the earliest arriving flight from houston to orlando
list fares from washington dc to montreal
show me flights from milwaukee to orlando
list flights from orlando to tacoma on saturday of fare basis code of q
what does fare code bh mean
i would like to fly from orlando to kansas city
ground transportation for las vegas
i want to book a flight from salt lake city to westchester county
i need a sunday flight from tampa to charlotte
i need a flight from indianapolis to seattle arriving in seattle at 1205 pm
what is the shortest flight from milwaukee to long beach
show me round trip flights from chicago to detroit leaving next tuesday and returning the day after
list flights from boston to pittsburgh daily
list the cheapest fare from charlotte to las vegas
give me the flights from chicago to seattle on continental that have meals early saturday morning
i'd like to book two flights to westchester county
list airports in new york
like to book a flight from burbank to milwaukee
show me first class flights from new york to miami round trip
list us air flights leaving saturday from charlotte airport around 1 pm
i want to go from chicago o'hare to downtown atlanta
find flights from houston to toronto that serve vegetarian meals and have wifi internet access
book me a vegetarian dinner flight from denver to new york on saturday
on thursday morning i would like a nonstop flight from indianapolis to toronto
list the flights on canadian airlines international
what is the policy for changing or canceling tickets on southwest airlines for flights between denver and chicago
what does fare code h mean
what ground transportation is there in baltimore
list the flights from denver to westchester county on june seventh
i need a flight that goes from boston to orlando
on friday morning i would like to fly from toronto to montreal
give me a combination of continental flights from chicago to seattle that have meals early saturday morning
show me the first class and coach flights from kennedy airport to miami
give me the flights from pittsburgh to los angeles thursday evening
phoenix to milwaukee on wednesday
i would like flights leaving san francisco to san diego
give me flights from seattle to chicago that have meals on continental
i need a flight from salt lake to newark airport that arrives on saturday before 6 pm
i need a flight on united airlines from la guardia to san jose
what airline is hp
list coach round trip airfare from detroit to st. petersburg
list flights from chicago to san diego
list flights from minneapolis to pittsburgh on friday
what ground transportation is available between dca and downtown washington
how many flights does alaska airlines have to burbank
i need flight information for flights departing from cleveland to milwaukee on wednesday after 5 pm
flight numbers from chicago to seattle on continental
what's the cheapest flight from san francisco to denver
what does hp stand for
what is a d9s
get last flight from oakland to salt lake city on wednesday
what are the flights on thursday leaving from st. paul minnesota to st. louis
find a flight between st. petersburg and charlotte the flight should leave in the afternoon and arrive as soon after 5 pm as possible it should be a nonstop flight
how about a flight leaving tuesday night from st. louis to burbank
what is phl
from milwaukee to orlando one way after 5 pm wednesday
i need the flight numbers of flights leaving from cleveland and arriving at dallas
cheapest fare from indianapolis to orlando on the twenty seventh of december
newark to tampa on friday
i'd like to fly from san diego to houston on june tenth
show me round trips between montreal and orlando
atlanta to st. louis tuesday before 230 pm flights
what airlines fly from baltimore to san francisco
what airline is aa
what is the latest flight from baltimore to oakland that serves dinner
i'd like a flight from cincinnati to newark airport that arrives on saturday before 6 pm
list a flight from toronto to san diego
is there an american airlines flight from houston to newark on june tenth after 3 pm
what's the cheapest flight from san francisco to detroit today
and from milwaukee to atlanta before 10 am daily
give me the flights from new york city to nashville leaving after 5 pm on wednesday
list flights from milwaukee to detroit
what are the flights on sunday from montreal quebec to san diego california
please list the flights from memphis to new york city on a monday night
show delta airlines flights from jfk to miami
show me nonstop flights from montreal to orlando
find american flight from newark to nashville around 630 pm
i need flight and fare information departing from oakland to salt lake city on thursday before 8 am
what type of plane is a d9s
list flights from philadelphia to atlanta friday am
las vegas to baltimore economy
on next wednesday flight from kansas city to chicago should arrive in chicago around 7 pm return flight on thursday
what flights arrive at love field on june sixth
tampa to charlotte sunday morning
after 12 pm on wednesday april sixth i would like to fly from long beach to columbus
i need to get from cincinnati to denver on june sixth by 6 pm
list philadelphia to san francisco flights with stopovers in dallas
list distance from airports to downtown in new york
find flights from phoenix to portland departing between 6 am and 10 am and arriving before 3 pm
show me all the flights from kansas city to st. paul
i need a round trip flight from san diego to washington dc and the fares
list limousine rates for the city of boston
what are the baggage restrictions for international flights to vancouver canada
what flights go from denver to st. louis on tuesday morning
what ground transportation is available between phoenix airport and downtown phoenix
what are the nonstop flights from cincinnati to charlotte leaving after noon and arriving before 7 pm
list flights from atlanta to toronto friday afternoon
do you have any boeing 777 flights from houston to london
show me all round trip flights from new york to miami nonstop
how many people will a 757 hold
what airline is as
what's the cheapest flight tomorrow from milwaukee to denver
list all flights and their fares from indianapolis to memphis on a monday morning
list evening flights from tampa to cincinnati
how many flights does northwest have leaving dulles
please find a flight round trip from los angeles to tacoma washington with a stopover in san francisco not exceeding the price of 300 dollars for june tenth 1993
i'd like flights from new york to miami
is there ground transportation available at the denver airport
what are the nonstop flights between houston and memphis
show flights from orlando to kansas city
please find a flight from st. petersburg to miami on thursday
show me first class flights from new york to miami round trip
get fares from washington to montreal
what are the flights from tacoma to miami that leave after 6 pm tomorrow
i need flight information from milwaukee to tampa
i need to rent a car in milwaukee
list flights from newark to boston daily
what flights leave cleveland going to indianapolis on april twenty first in the morning
to what cities from boston does america west fly first class
how much is a limousine service in la guardia
what does fare code bh mean
what flights depart from baltimore
list flights from cincinnati to tampa before noon
give me the flights from memphis to las vegas nonstop
how about a flight from milwaukee to st. louis that leaves monday night
how many northwest flights leave st. paul
give me the flights from milwaukee to phoenix on saturday or sunday on american airlines
list the flights from westchester county to cincinnati on june seventh leaving after 5 pm
list flights from baltimore to san francisco on friday
i want to fly from indianapolis to seattle round trip with the cheapest fare
show me the first class and coach flights from jfk to miami
i would like flights leaving from milwaukee to orlando
are there any flights from boston to orlando connecting in columbus
give me the flights from new york to las vegas nonstop
what is the distance between nashville and memphis
list flights from phoenix arizona to ontario california wednesday
find a flight from tampa to montreal by way of new york
which round trip flights leave chicago next tuesday and arrive in detroit around 6 pm
show flights from kansas city to orlando
list flights from indianapolis to memphis with fares on monday
please list the ground transportation from lga into new york city
list flights from houston to milwaukee friday pm
indianapolis to orlando december twenty seventh
i'd like an evening flight from newark to los angeles
list fares from washington dc to boston
show me the first class and coach flights between jfk and orlando
list all flights on all types of aircraft arriving in denver between 8 and 9 pm
are there any flights from long beach to columbus on wednesday april sixth
list direct flights from new york city to los angeles after 10 am
what flights are available from indianapolis to san diego on april twenty first in the late afternoon
list all flights and their fares for all flights between miami and indianapolis
show me the flights from detroit to las vegas
list american airlines flights from milwaukee to san jose wednesday
show me the flights from minneapolis to indiana
i need a flight from toronto to st. louis
show flights from burbank to milwaukee on monday
please find flights available from kansas city to newark
please find a flight from miami florida to las vegas nevada arriving before 4 o'clock pm
which flights depart from philadelphia and arrive in atlanta
show me all round trip flights from miami to new york nonstop
show me all flights from san jose to phoenix
list the flights from indianapolis to memphis that leave before noon
which flights depart from new york and arrive in los angeles after 10 am
list the flights from cleveland to memphis
show me one way flights from milwaukee to orlando on wednesday
show me the cheapest economy flights from miami to new york
how much is coach flight from pittsburgh to atlanta
los angeles to pittsburgh afternoon on monday
show me flight us 1500 on monday from charlotte to minneapolis please
list flights and fares from tacoma to orlando round trip leaving saturday returning next saturday
what airline is as
find flight from phoenix to detroit on monday
show me all nonstop flights from st. petersburg to charlotte
i need a flight on friday afternoon in june from new york to cleveland
what is the seating capacity of the 733
which flights are available on april twenty first in the morning from nashville to tacoma
what does ap 20 mean
i'd like a morning flight from newark to los angeles
please find a flight from las vegas to michigan
what is the lowest fare from washington dc to montreal
can i get a flight today from san francisco to detroit michigan